Kalimat,Cleaned,Sentimen
I absolutely love this product! It’s amazing.,absolutely love product amazing,Positif
"""The service was terrible, and I will not return.""",service terrible return,Negatif
"""Great experience, highly recommend to everyone!""",great experience highly recommend everyone,Positif
"""Not worth the money, very disappointing.""",worth money disappointing,Negatif
"""The quality exceeded my expectations, fantastic purchase.""",quality exceeded expectations fantastic purchase,Positif
"""Worst experience ever, I regret buying this.""",worst experience ever regret buying,Negatif
"""Decent product, but the price is too high.""",decent product price high,Negatif
The customer service was outstanding and very helpful.,customer service outstanding helpful,Negatif
I wouldn’t recommend this to my friends.,wouldnt recommend friends,Positif
"""Excellent value for money, very satisfied!""",excellent value money satisfied,Positif
"""The delivery was quick, and the packaging was perfect.""",delivery quick packaging perfect,Positif
"""Horrible quality, broke within a week.""",horrible quality broke within week,Negatif
"""This item is exactly what I needed, works perfectly.""",item exactly needed works perfectly,Positif
"""Not as described, very disappointed.""",described disappointed,Negatif
"""Amazing customer service, resolved my issue quickly.""",amazing customer service resolved issue quickly,Negatif
I’ll never buy from this brand again.,ill never buy brand,Negatif
"""Product arrived damaged, very poor handling.""",product arrived damaged poor handling,Negatif
"""Great value for the price, highly satisfied.""",great value price highly satisfied,Positif
"""I love the design, but the material feels cheap.""",love design material feels cheap,Negatif
The food was delicious and served hot.,food delicious served hot,Positif
"""I waited over an hour, terrible service.""",waited hour terrible service,Negatif
A must-buy for anyone looking for quality.,mustbuy anyone looking quality,Negatif
This is the worst product I’ve ever purchased.,worst product ive ever purchased,Negatif
"""Fantastic experience, would definitely buy again.""",fantastic experience would definitely buy,Positif
"""It didn’t meet my expectations, not recommended.""",didnt meet expectations recommended,Positif
Fast shipping and great communication from the seller.,fast shipping great communication seller,Positif
"""Overpriced for what it offers, not worth it.""",overpriced offers worth,Negatif
"""Exceeded my expectations, truly wonderful.""",exceeded expectations truly wonderful,Positif
"""The color faded after one wash, disappointing.""",color faded one wash disappointing,Negatif
"""Beautiful packaging, but the product is subpar.""",beautiful packaging product subpar,Positif
Highly functional and easy to use.,highly functional easy use,Positif
"""Not user-friendly, too complicated to set up.""",userfriendly complicated set,Positif
"""Great sound quality, perfect for music lovers.""",great sound quality perfect music lovers,Positif
"""The battery life is terrible, needs improvement.""",battery life terrible needs improvement,Negatif
"""The app keeps crashing, very frustrating.""",app keeps crashing frustrating,Positif
Very responsive and professional customer support.,responsive professional customer support,Negatif
"""Item is missing parts, very annoyed.""",item missing parts annoyed,Negatif
The hotel staff was friendly and welcoming.,hotel staff friendly welcoming,Positif
"""The room was dirty, and the service was slow.""",room dirty service slow,Negatif
This product changed my life for the better.,product changed life better,Positif
"""Feels flimsy, not sure it will last long.""",feels flimsy sure last long,Positif
"""Worth every penny, would recommend to anyone.""",worth every penny would recommend anyone,Positif
"""The instructions were unclear, hard to assemble.""",instructions unclear hard assemble,Negatif
"""Absolutely stunning, better than I expected.""",absolutely stunning better expected,Negatif
Looks good but doesn’t work as advertised.,looks good doesnt work advertised,Negatif
"""Incredible attention to detail, very satisfied.""",incredible attention detail satisfied,Positif
"""Doesn’t hold up well over time, poor durability.""",doesnt hold well time poor durability,Negatif
"""The flavors were bland, not enjoyable.""",flavors bland enjoyable,Positif
This gadget makes my daily tasks so much easier.,gadget makes daily tasks much easier,Positif
"""Arrived earlier than expected, very happy with it.""",arrived earlier expected happy,Positif
